{"LCFZ-UZHS-VE5H-Y19R": true, "ZCIK-QLAA-CO4H-DMVR": true, "77FM-USJ6-GK9S-GPUE": false, "\uc139\uc2a4": true, "\ubcd1\uc2e0": false, "\u3131": false, "\u3134": false, "\u3147": true, "\u3147\u3147": true, "1": true, "2": true, "3": true, "5": true, "4": true, "6": true, "7": true, "8": true, "9": true, "10": true, "11": true, "12": true, "13": true, "14": true, "15": true, "16": true, "30": true, "\ub098\uc774\ud504": true, "\ubd80\uc2a4\ud2b8": true, "\ubd80\uc2a4\ud22c": true, "\ubd80\uc2a4": true, "\ubd80": true, "SKDLVM": true, "\u314b\u3137": true, "\u3137\u314b": true, "4X7D2L1G9M8N5Q3R": true, "K6B8T1W3J7H4M9P0": false, "V2L9Y6R4K5C8F1Q7": false, "N4P8J0H2M7W3L9D6": false, "Z3R5X8F1T9L4K2Q7": false, "W7H2V9K4P1M5J6N0": false, "C8J5T3R9L2F7M1Q4": false, "L1P6K7N3F9Q2H4X8": false, "M2T8R5K1J9L4P7Q0": false, "F3X9H6W4N2K8P1L7": false, "Q4J7M1T5L9R2K8X0": false, "R2N8K1Q5M9T4L6F7": false, "X7L1P4F9J2T8Q3M0": false, "T5H9N2L1M7K4Q8R3": false, "P1F8X3J2L9T7K4M0": false, "N6Q2R5L9M8T1K4H7": false, "K3P7L8M1F9X4J2Q0": false, "H4T2N1R9M5L8K7Q0": false, "J8F3Q4K9T2L1M7X0": false, "M2N5R8K1L9T4Q7X0": false, "L9T3M1P7K4Q2F8X0": false, "X4M8L2K1T9R7Q5J0": false, "K7P1F4L8N9T2Q3M0": false, "Q5L2N8T3M1F4K7X0": false, "J9M7X1T4L2Q8K3F0": false, "R4L1M8T2K7N5Q9X0": false, "T3N6Q1L9M5K8J2F0": false, "P9K1L4X2T7M5Q8F0": false, "F7X2M9Q1L8K4T5J0": false, "L1Q4N8T5M2K7X9F0": false, "H9T2X1M4L7K5Q8F0": false, "M8P2L4K1T7Q5N9X0": false, "K5L9M1Q2T8N4X7F0": false, "Q4M1T9N2L8P7K5X0": false, "X3L7T1F9M4K2Q8J0": false, "N2P8K4L1T9Q7M5X0": false, "R5L1M8K2T9X4Q7J0": false, "M2T9Q1F4L7K8X5P0": false, "K4L2N8T5M1Q7X9F0": false, "J1T8Q4L9M2K7X5F0": false, "L2N9M1T4K5X8Q7F0": false, "X7P1M4T9K2L8Q5F0": false, "Q5L2M8T1N4K7X9F0": false, "T9K1F4M2L8Q7X5J0": false, "M4Q2L7T9K1X8N5F0": false, "N1T9K4L8Q2M7X5F0": false, "L8M1P4Q2T9K5X7F0": false, "X2N7L9M1T4Q8K5F0": false, "K1M8T4Q5L2N7X9F0": false, "Q4F1M7T8L2K9X5J0": false, "M9L2T4K1Q7X8F5P0": false, "X1N8K4T2M5Q7L9F0": false, "L2Q7M9T4K1X8F5P0": false, "T5N1K4L8Q2M7X9F0": false, "J4X2L8M9T1K5Q7F0": false, "Q9M2L4T8K1X7N5F0": false, "M5L2T9K1Q4X7F8P0": false, "X4N1T7M8Q2L5K9F0": false, "K8L2M4T9Q1N7X5F0": false, "Q1L5M9T8K2X4N7F0": false, "M7K4L1T9Q2X5N8F0": false, "T2F1M8L9K4X7Q5P0": false, "L8Q5M2T1K4N7X9F0": false, "X3T7M9K1L2Q4F8P0": false, "K5N2L8M1T9X4Q7F0": false, "J9Q4M2T8L1X5K7F0": false, "M1T4X2Q9L5K8N7F0": false, "Q7L1M9K4T2X8F5P0": false, "X8T2M5K1L4Q7N9F0": false, "N9L4T2M1K8Q5X7F0": false, "F1T8L2K4M9X7Q5P0": false, "K2M4Q7L9T1X8N5F0": false, "Q5X1M8T2L9K4N7F0": false, "M4T9K1L2Q7X8F5P0": false, "X7N2L1M9T4K5Q8F0": false, "L5M9T2K4Q1X7F8P0": false, "K4T1M9L2X7Q8F5P0": false, "Q8L2T4M1N5X7F9P0": false, "J1M9L4K2X7T5Q8F0": false, "X2N4T8L1M7Q5K9F0": false, "T5K1M2L9Q8X7F4P0": false, "M9Q4T2X1L8K7F5P0": false, "L1T8M2N9K4X5Q7F0": false, "X7K2L4T1M9Q8F5P0": false, "Q5L9M1T2K4X7F8P0": false, "T2M7L1X9Q4K8F5P0": false, "K8Q4L2M1T5X7N9F0": false, "N1L9T2K4M7Q5X8F0": false, "F5X7T1K2M4L9Q8P0": false, "M2T9K1L4Q8X7F5P0": false, "X4L8M1T2K9Q7F5P0": false, "K5Q1L4M9T2X7F8P0": false, "T9N2M4L1K8X5Q7F0": false, "J2L8T5K1X4M9Q7F0": false, "Q1X7L2M4K9T8F5P0": false, "M4L2T7X1K5Q9F8P0": false, "X8T1M9L4Q2K5N7F0": false, "N5L2M9K1X4Q7T8F0": false, "F2K4M8T1L9X7Q5P0": false, "L1X7M4T2Q9K8F5P0": false, "\u3141": true}